CREATE TABLE ADMIN(
	ID VARCHAR(20),
	CONSTRAINT ADMIN_PK PRIMARY KEY(ID),
	PASSWORD VARCHAR(20),
	ADMIN_EMAIL VARCHAR(50)
);

CREATE TABLE MEMBER(
	USERID VARCHAR(20),
	CONSTRAINT MEMBER_PK PRIMARY KEY(USERID),
	PASSWORD VARCHAR(20) NOT NULL,
	NAME VARCHAR(20),
	BIRTH VARCHAR(20),
	GENDER VARCHAR(10),
	EMAIL VARCHAR(50),
	PHONE VARCHAR(30),
	ADDR VARCHAR(30),
	PROFILE VARCHAR(30)
);
	
CREATE TABLE CATEGORY(
	CATEGORY_ID VARCHAR(20),
	CONSTRAINT CATEGORY_PK PRIMARY KEY(CATEGORY_ID),
	CATEGORY_NAME VARCHAR(20)
);

CREATE TABLE GENRE(
	GENRE_ID VARCHAR(20),
	CONSTRAINT GENRE_PK PRIMARY KEY(GENRE_ID),
	GENRE_NAME VARCHAR(20),
	CATEGORY_ID VARCHAR(20) NOT NULL,
	CONSTRAINT GENRE_FK FOREIGN KEY(CATEGORY_ID) REFERENCES CATEGORY(CATEGORY_ID)
);

CREATE TABLE OPTION2(
	OPTION_ID VARCHAR(20),
	CONSTRAINT OPTION2_PK PRIMARY KEY(OPTION_ID),
	OPTION_NAME VARCHAR(20)
);

CREATE TABLE STOCK(
	STOCK_SEQ VARCHAR(20),
	CONSTRAINT STOCK_PK PRIMARY KEY(STOCK_SEQ),
	COUNT VARCHAR(20)
);

CREATE TABLE BOOK(
	BOOK_ID VARCHAR(20),
	CONSTRAINT BOOK_PK PRIMARY KEY(BOOK_ID),
	BOOK_NAME VARCHAR(60),
	PRICE VARCHAR(20),
	WRITER VARCHAR(40),
	GRADE VARCHAR(20),
	STOCK_SEQ VARCHAR(20),
	CONSTRAINT BOOK_FK_STOCK FOREIGN KEY(STOCK_SEQ) REFERENCES STOCK(STOCK_SEQ),
	OPTION_ID VARCHAR(20),
	CONSTRAINT BOOK_FK_OPTION2 FOREIGN KEY(OPTION_ID) REFERENCES OPTION2(OPTION_ID),
	GENRE_ID VARCHAR(20),
	CONSTRAINT BOOK_FK_GENRE FOREIGN KEY(GENRE_ID) REFERENCES GENRE(GENRE_ID)
);

CREATE TABLE PURCHASE(
	PUR_NUM VARCHAR(30),
	CONSTRAINT PURCHASE_PK PRIMARY KEY(PUR_NUM),
	SUM INT,
	ACCOUNT_NUM VARCHAR(30),
	USERID VARCHAR(20),
	CONSTRAINT PURCHASE_FK_MEMBER FOREIGN KEY(USERID) REFERENCES MEMBER(USERID),
	BOOK_ID VARCHAR(20),
	CONSTRAINT PURCHASE_FK_BOOK FOREIGN KEY(BOOK_ID) REFERENCES BOOK(BOOK_ID)
);

CREATE TABLE CART(
	CART_NUM VARCHAR(30),
	CONSTRAINT CART_PK PRIMARY KEY(CART_NUM),
	CART_TODAY VARCHAR(20),
	BOOK_ID VARCHAR(20),
	CONSTRAINT CART_FK_BOOK FOREIGN KEY(BOOK_ID) REFERENCES BOOK(BOOK_ID),
	USERID VARCHAR(20),
	CONSTRAINT CART_FK_MEMBER FOREIGN KEY(USERID) REFERENCES MEMBER(USERID),
	COUNT INT
);

CREATE TABLE EVENT(
	EVENT_ID VARCHAR(40),
	CONSTRAINT EVENT_PK PRIMARY KEY(EVENT_ID),
	EVENT_NAME VARCHAR(40),
	FORM_DT VARCHAR(30),
	TO_DT VARCHAR(30),
	PROFILE VARCHAR(30)
);

CREATE TABLE REPLY(
	REPLY_SEQ INT PRIMARY KEY AUTO_INCREMENT,
	COMMENT VARCHAR(1000),
	WRITER VARCHAR(50),
	REG_DATE VARCHAR(20),
	EVENT_ID VARCHAR(40),
	CONSTRAINT REPLY_FK_EVENT FOREIGN KEY(EVENT_ID) REFERENCES EVENT(EVENT_ID)
);


INSERT INTO ADMIN VALUES('AD','AD','soomin0322@naver.com');

INSERT INTO MEMBER VALUES('a','a','hong','1991.07.17','남','pheonix0717@naver.com','010-4278-4789','서울시 광진구 화양동','default.png');
INSERT INTO MEMBER VALUES('b','b','hwang','2000.01.11','남','ssun9900@naver.com','010-1234-1549','서울시 강남구 역삼동','default.png');
INSERT INTO MEMBER VALUES('c','c','young','1897.09.20','여','asdfbva@naver.com','010-4200-1234','서울시 구로구 xx동','default.png');
INSERT INTO MEMBER VALUES('d','d','admin','1120.11.11','남','snh3n@naver.com','010-4175-0910','서울시 강북구 yy동','default.png');
INSERT INTO MEMBER VALUES('e','e','e','1991.10.13','남','snd21@naver.com','010-2486-1022','서울시 강서구 pp동','default.png');
INSERT INTO MEMBER VALUES('f','f','f','1990.07.11','남','af23f1@naver.com','010-7210-1242','서울시 관악구 gg동','default.png');
INSERT INTO MEMBER VALUES('g','g','g','1989.01.21','여','adsf1v@naver.com','010-1120-9651','서울시 영등포구 cc동','default.png');
INSERT INTO MEMBER VALUES('h','h','h','1996.12.25','여','12d1v@naver.com','010-5977-7721','서울시 동대문구 ad동','default.png');
INSERT INTO MEMBER VALUES('i','i','i','1993.03.06','여','5je5j@naver.com','010-0865-0450','서울시 동작구 xx동','default.png');
INSERT INTO MEMBER VALUES('j','j','j','1992.06.30','남','65hegsa@naver.com','010-1076-0910','서울시 중랑구 yx동','default.png');

INSERT INTO CATEGORY VALUES('domestic','국내도서');
INSERT INTO CATEGORY VALUES('abroad','해외도서');
INSERT INTO CATEGORY VALUES('ebook','전자책');
INSERT INTO CATEGORY VALUES('old','중고책');
INSERT INTO CATEGORY VALUES('new','신간');

INSERT INTO GENRE VALUES('fiction','소설','domestic');
INSERT INTO GENRE VALUES('essay','수필','abroad');
INSERT INTO GENRE VALUES('it','공학','domestic');
INSERT INTO GENRE VALUES('classic','고전','ebook');
INSERT INTO GENRE VALUES('poem','시','new');
INSERT INTO GENRE VALUES('manage','경영','new');
INSERT INTO GENRE VALUES('self','자기계발','new');
INSERT INTO GENRE VALUES('humanism','인문','old');
INSERT INTO GENRE VALUES('history','역사','old');
INSERT INTO GENRE VALUES('faith','종교','old');
INSERT INTO GENRE VALUES('art','예술','old');
INSERT INTO GENRE VALUES('child','어린이','domestic');
INSERT INTO GENRE VALUES('cartoon','만화','domestic');
INSERT INTO GENRE VALUES('baby','아동','abroad');
INSERT INTO GENRE VALUES('adult','성인','abroad');
INSERT INTO GENRE VALUES('cham','참고서','ebook');
INSERT INTO GENRE VALUES('computer','컴퓨터','new');
INSERT INTO GENRE VALUES('summary','도서요약','new');
INSERT INTO GENRE VALUES('comedy','코메디','abroad');
INSERT INTO GENRE VALUES('musical','뮤지컬','domestic');
INSERT INTO GENRE VALUES('sf','SF','ebook');
INSERT INTO GENRE VALUES('movie','영화','ebook');
INSERT INTO GENRE VALUES('horror','공포','ebook');

INSERT INTO OPTION2 VALUES('md',null);
INSERT INTO OPTION2 VALUES('free',null);
INSERT INTO OPTION2 VALUES('var',null);
INSERT INTO OPTION2 VALUES('foo',null);

INSERT INTO STOCK VALUES('1','1');
INSERT INTO STOCK VALUES('2','2');
INSERT INTO STOCK VALUES('3','3');
INSERT INTO STOCK VALUES('4','4');
INSERT INTO STOCK VALUES('5','5');
INSERT INTO STOCK VALUES('6','6');
INSERT INTO STOCK VALUES('7','7');
INSERT INTO STOCK VALUES('8','8');
INSERT INTO STOCK VALUES('9','9');
INSERT INTO STOCK VALUES('10','10');
INSERT INTO STOCK VALUES('11','11');
INSERT INTO STOCK VALUES('12','12');
INSERT INTO STOCK VALUES('13','13');
INSERT INTO STOCK VALUES('14','14');
INSERT INTO STOCK VALUES('15','15');
INSERT INTO STOCK VALUES('16','16');
INSERT INTO STOCK VALUES('17','17');
INSERT INTO STOCK VALUES('18','18');
INSERT INTO STOCK VALUES('19','19');
INSERT INTO STOCK VALUES('20','20');
INSERT INTO STOCK VALUES('21','21');
INSERT INTO STOCK VALUES('22','22');
INSERT INTO STOCK VALUES('23','23');
INSERT INTO STOCK VALUES('24','24');
INSERT INTO STOCK VALUES('25','25');
INSERT INTO STOCK VALUES('26','26');
INSERT INTO STOCK VALUES('27','27');
INSERT INTO STOCK VALUES('28','28');
INSERT INTO STOCK VALUES('29','29');
INSERT INTO STOCK VALUES('30','30');
INSERT INTO STOCK VALUES('31','31');
INSERT INTO STOCK VALUES('32','32');
INSERT INTO STOCK VALUES('33','33');
INSERT INTO STOCK VALUES('34','34');
INSERT INTO STOCK VALUES('35','35');
INSERT INTO STOCK VALUES('36','36');
INSERT INTO STOCK VALUES('37','37');
INSERT INTO STOCK VALUES('38','38');
INSERT INTO STOCK VALUES('39','39');
INSERT INTO STOCK VALUES('40','40');
INSERT INTO STOCK VALUES('41','41');
INSERT INTO STOCK VALUES('42','42');
INSERT INTO STOCK VALUES('43','43');
INSERT INTO STOCK VALUES('44','44');
INSERT INTO STOCK VALUES('45','45');
INSERT INTO STOCK VALUES('46','46');
INSERT INTO STOCK VALUES('47','47');
INSERT INTO STOCK VALUES('48','48');
INSERT INTO STOCK VALUES('49','49');
INSERT INTO STOCK VALUES('50','50');
INSERT INTO STOCK VALUES('51','51');
INSERT INTO STOCK VALUES('52','52');
INSERT INTO STOCK VALUES('53','53');
INSERT INTO STOCK VALUES('54','54');
INSERT INTO STOCK VALUES('55','55');
INSERT INTO STOCK VALUES('56','56');
INSERT INTO STOCK VALUES('57','57');
INSERT INTO STOCK VALUES('58','58');
INSERT INTO STOCK VALUES('59','59');
INSERT INTO STOCK VALUES('60','60');
INSERT INTO STOCK VALUES('61','61');
INSERT INTO STOCK VALUES('62','62');
INSERT INTO STOCK VALUES('63','63');
INSERT INTO STOCK VALUES('64','64');
INSERT INTO STOCK VALUES('65','65');
INSERT INTO STOCK VALUES('66','66');
INSERT INTO STOCK VALUES('67','67');
INSERT INTO STOCK VALUES('68','68');
INSERT INTO STOCK VALUES('69','69');
INSERT INTO STOCK VALUES('70','70');


INSERT INTO EVENT VALUES('best','2015년 베스트셀러전','2015/12/30','2016/01/31','E001.jpg');
INSERT INTO EVENT VALUES('chance','[외서] 01월 BIG CHANCE! 10% 쿠폰 추가 증정','2016/01/01','2016/01/31','E002.jpg');
INSERT INTO EVENT VALUES('soft','소프트 스킬 리뷰어 이벤트','2016/01/01','2016/01/31','E003.jpg');
INSERT INTO EVENT VALUES('tech','응답하라!! 재테크','2016/01/01','2016/02/29','E004.jpg');
INSERT INTO EVENT VALUES('gichul','공무원기출 완전 공략','2016/01/01','2016/01/31','E005.jpg');
INSERT INTO EVENT VALUES('hackers','해커스 외국어 브랜드','2016/01/01','2016/01/31','E006.jpg');
INSERT INTO EVENT VALUES('topik','2016 TOPIK! 한방에 끝내자!','2016/01/01','2016/01/31','E007.jpg');
INSERT INTO EVENT VALUES('songgok','[특별 기획] 송곳과 한국 사회','2015/01/01','2016/01/31','E008.jpg');
INSERT INTO EVENT VALUES('bookreport','<소년과재규어>독후감상문대회 이벤트','2015/01/01','2016/01/31','E009.jpg');
INSERT INTO EVENT VALUES('facebook','마크 저커버그 A Year of Books','2016/01/01','2016/01/31','E010.jpg');
INSERT INTO EVENT VALUES('project','531 프로젝트 완간 기념 이벤트','2016/01/01','2016/01/31','E011.jpg');
INSERT INTO EVENT VALUES('publish','<시작의힘> 출간 이벤트','2016/01/01','2016/01/31','E0012.jpg');
INSERT INTO EVENT VALUES('highschool','EBS 고등 방학 교재! 무료배송 + 정가제 최대 할인 보장','2016/01/01','2016/01/31','E0013.jpg');
INSERT INTO EVENT VALUES('cat','<상상고양이> 출간 이벤트','2016/01/01','2016/01/31','E0014.jpg');
INSERT INTO EVENT VALUES('comments','<사는게 참 좋다> 한줄평 이벤트','2016/01/01','2016/01/31','E0015.jpg');
INSERT INTO EVENT VALUES('markrecommend','[교보 외서] 2015년 마크 주커버그 추천 도서','2016/01/01','2016/01/31','E0016.jpg');



INSERT INTO BOOK VALUES('10','성인 ADHD 인지행동치료 프로그램: 내담자용 워크북','13000','Steven A. Safren','8.3','13','free','adult');
INSERT INTO BOOK VALUES('11','성인 경험학습의 이해: 이론과 실제','6000',' 김영석, 이로미, 이성엽, 최성애','9.3','11','foo','adult');
INSERT INTO BOOK VALUES('13',' 알프레드 성인용 피아노 1급 레슨교재','43000','Perlman Michael','4.3','13','foo','adult');
INSERT INTO BOOK VALUES('14','알프레드 성인용 제3급 이론교재','21000','Carol A. Perlman','5.8','13','free','adult');
INSERT INTO BOOK VALUES('15',' 만화 공인중개사 특별세트(2016)','12000','이용훈','9.6','10','free','cartoon');
INSERT INTO BOOK VALUES('16','나홀로 부동산 경매 [개정판 5판]','9000','이용훈','3.3','4','free','cartoon');
INSERT INTO BOOK VALUES('17','지금 이 순간','13000','기욤뮈소','5.3','15','free','cartoon');
INSERT INTO BOOK VALUES('18','당신 거기 있어줄래요','15000','기욤뮈소','9.3','43','free','cartoon');
INSERT INTO BOOK VALUES('19','들꽃 향기로 남은 너','16000','이민기','8.5','42','free','cartoon');

INSERT INTO BOOK VALUES('comedy1','Shakespeare. 셰익스피어 희극읽기 그리고 거스르기','7200','이용관','7.1','30','free','comedy');
INSERT INTO BOOK VALUES('comedy2','Shakespeare. 셰익스피어 한권으로 읽는 4대 비극 5대 희극','14800','윌리엄 셰익스피어','9.1','30','free','comedy');
INSERT INTO BOOK VALUES('comedy3','William. 휴먼코미디 윌리엄 사로얀','10800','윌리엄 사로얀','7.9','30','free','comedy');
INSERT INTO BOOK VALUES('comedy4','홍상수의 인간희극, Human_Comedy.한국 비평가의 시선','13500','김시무','7.1','30','free','comedy');
INSERT INTO BOOK VALUES('comedy5','Comedy, Fun. 코미디, 웃음과 행복의 텍스트','15000','박근서','5.1','30','free','comedy');
INSERT INTO BOOK VALUES('comedy6','Romentic. 로맨틱 코미디 강지언 시집. 북인시선','5400','강지언','9.0','30','free','comedy');
INSERT INTO BOOK VALUES('comedy7','Aristopanes. 아리스토파네스 희극 전집1 ','22500','아리스토파네스','9.8','30','free','comedy');
INSERT INTO BOOK VALUES('comedy8','Aristopanes. 아리스토파네스 희극 전집2','22500','아리스토파네스','9.9','30','free','comedy');
INSERT INTO BOOK VALUES('comedy9','2005-Comedy Festival 코미디 페스티벌 참가 희극선집','15000','연극과인간 편집부','7.9','30','free','comedy');

INSERT INTO BOOK VALUES('classic1','On load. 길 위에서 1', '10000','(지은이) 잭 케루악, (옮긴이) 이만식','5.7','30','free','classic');
INSERT INTO BOOK VALUES('classic2','On load. 길 위에서 2', '10000','(지은이) 잭 케루악, (옮긴이) 이만식','5.9','30','free','classic');
INSERT INTO BOOK VALUES('classic3','Classic. 내 서재 속 고전 (나를 견디게 해준 책들)', '14000','(지은이) 서경식, (옮긴이) 한승동','7.7','30','free','classic');
INSERT INTO BOOK VALUES('classic4','1984. World 믿음사 세계문학전집 77', '9500','(지은이) 조지 오웰, (옮긴이) 정희성','6.7','30','free','classic');
INSERT INTO BOOK VALUES('classic5','Gulliver. 걸리버 여행기', '11900','(지은이) 조나단 스위프트, (옮긴이) 이기동 (그림) 박정윤','8.8','30','free','classic');
INSERT INTO BOOK VALUES('classic6','Four spell. 옛사람이 건넨 네글자', '15000','정민','8.1','30','free','classic');
INSERT INTO BOOK VALUES('classic7','단숨에 이해하는 Free/Classic 자유론/클래식 브라운 시리즈2', '12000','김요한','8.0','30','free','classic');
INSERT INTO BOOK VALUES('classic8','한권으로 읽는 중국고전시리즈 Classic1 - 사마천 사기', '10000','(지은이) 잭 케루악, (옮긴이) 이만식','5.7','30','free','classic');



INSERT INTO PURCHASE VALUES('20160114-0001','780000','20160114','a','10');
INSERT INTO PURCHASE VALUES('20160113-0001','600000','20160113','b','13');
INSERT INTO PURCHASE VALUES('20160112-0001','420000','20160112','c','14');
INSERT INTO PURCHASE VALUES('20160111-0001','400000','20160111','a','16');
INSERT INTO PURCHASE VALUES('20160110-0001','360000','20160110','f','13');
INSERT INTO PURCHASE VALUES('20160109-0001','270000','20160109','g','10');
INSERT INTO PURCHASE VALUES('20160108-0001','200000','20160108','h','19');
INSERT INTO PURCHASE VALUES('20160107-0001','150000','20160107','a','17');
INSERT INTO PURCHASE VALUES('20160106-0001','100000','20160106','a','40');

INSERT INTO REPLY VALUES('1','AWIEU4RVHNOW8437RVH308O7RHBO 3W84RBHQ3','a','2016-01-20','best');
INSERT INTO REPLY VALUES('2','AA3RV3R2Q3RVQ2BO 3W84RBHQ3','b','2016-01-20','chance');
INSERT INTO REPLY VALUES('3','AWIEUAW3VFAW3BF7RHBO 3W84RBHQ3','b','2016-01-20','soft');
INSERT INTO REPLY VALUES('4','AWIEU4RVHNOW8437RVHAW3BRAW3BFWABHQ3','b','2016-01-20','chance');
INSERT INTO REPLY VALUES('5','AWIEAW3BFAW3BFAW3BHBO 3W84RBHQ3','a','2016-01-20','best');
INSERT INTO REPLY VALUES('6','AWIEU4RAW3BFWA3BFWA3BFAW3BFWA3BFAW3BFAW3BFQ3','a','2016-01-20','best');
INSERT INTO REPLY VALUES('7','AWIEU4RVHWA3BRFE4TN4W5TW4 T3WA4T3WQBQ3','c','2016-01-20','best');
INSERT INTO REPLY VALUES('8','AWIEU4RVHNWA3BRWA34RTBSERGFBWA4ERBAWBFRQ3','c','2016-01-20','chance');
INSERT INTO REPLY VALUES('9','AWIEAWB3RAW3FV3W4 RSERBTSE4TN34TVW34 T34WBRBHQ3','c','2016-01-20','soft');
INSERT INTO REPLY VALUES('10','AWIEU4RVHAW3BRAW43RGV4EW35RGBS3ERTNES5TB34A5BQ2A35HAB2HQ3','a','2016-01-20','best');
INSERT INTO REPLY VALUES('11','AWIEA2B35RA23FV4Q2A3B5WS45HA35JH3S45NSW45BHAW35NRBHQ3','a','2016-01-20','chance');
COMMIT;
